{
    "f": 2867.2481629906633,
    "v0": 189.02359458971475,
    "yc": 2119.832625258042,
    "vc": 1080.0,
    "theta": 0.30128310215759235,
    "za_mm": 6000.0,
    "img_height": 2160
}